Rank,Squad,SoT,SoT%,Sh/90,SoT/90,G/Sh,G/SoT,total_comp%,short_comp%,medium_comp%,long_comp%,# Pl,Age,Poss,MP,Starts,Gls.1,Ast.1,G+A.1,G-PK.1,G+A-PK,xG.1,xAG.1,xG+xAG,npxG.1,npxG+xAG.1
1,Arsenal,157,32.6,14.15,4.62,0.12,0.38,84.3,91.7,89.1,51.6,25,26.6,57.1,34,374,1.79,1.47,3.26,1.74,3.21,1.56,1.19,2.75,1.51,2.7
2,Aston Villa,145,33.1,12.88,4.26,0.11,0.34,82.9,90.4,89.0,53.1,28,27.8,51.0,34,374,1.53,1.21,2.74,1.44,2.65,1.54,1.14,2.68,1.4,2.54
3,Bournemouth,176,33.9,15.73,5.33,0.09,0.26,76.2,86.1,84.5,48.1,29,25.9,48.0,33,363,1.55,1.12,2.67,1.36,2.48,1.79,1.22,3.01,1.62,2.84
4,Brentford,148,39.7,11.3,4.48,0.14,0.34,78.1,86.8,84.7,53.1,28,26.6,47.7,33,363,1.7,1.12,2.82,1.55,2.67,1.5,1.09,2.6,1.39,2.48
5,Brighton,152,33.6,13.7,4.61,0.1,0.3,82.4,90.4,87.4,55.2,31,25.6,52.5,33,363,1.55,1.0,2.55,1.39,2.39,1.54,1.07,2.61,1.42,2.49
6,Chelsea,183,34.1,16.27,5.55,0.1,0.29,84.9,91.7,90.4,55.5,29,24.4,58.4,33,363,1.7,1.3,3.0,1.61,2.91,1.86,1.44,3.3,1.76,3.2
7,Crystal Palace,149,33.3,13.18,4.38,0.09,0.26,75.6,85.7,83.7,44.7,29,26.9,43.0,34,374,1.21,0.94,2.15,1.15,2.09,1.51,1.15,2.66,1.44,2.59
8,Everton,116,33.0,10.67,3.52,0.08,0.25,75.4,86.0,84.0,52.2,26,28.8,40.3,33,363,0.94,0.61,1.55,0.88,1.48,1.09,0.83,1.91,1.04,1.86
9,Fulham,143,33.1,13.09,4.33,0.1,0.31,81.8,89.5,88.1,55.3,26,28.7,51.9,33,363,1.42,1.21,2.64,1.33,2.55,1.3,1.0,2.3,1.2,2.2
10,Ipswich Town,105,33.5,9.48,3.18,0.1,0.29,77.7,88.2,85.2,46.5,32,26.5,40.5,33,363,0.97,0.73,1.7,0.91,1.64,0.92,0.64,1.56,0.87,1.51
11,Leicester City,91,31.5,8.76,2.76,0.09,0.27,79.5,89.4,86.7,45.0,30,27.3,45.5,33,363,0.82,0.64,1.45,0.76,1.39,0.85,0.67,1.52,0.8,1.48
12,Liverpool,194,34.8,16.88,5.88,0.12,0.34,84.1,91.7,88.5,55.8,24,27.9,57.7,33,363,2.27,1.7,3.97,2.0,3.7,2.19,1.6,3.78,1.98,3.57
13,Manchester City,193,35.9,15.79,5.68,0.12,0.33,88.2,92.8,91.8,62.5,29,27.5,61.4,34,374,1.91,1.38,3.29,1.85,3.24,1.8,1.45,3.24,1.73,3.17
14,Manchester Utd,142,32.6,13.21,4.3,0.08,0.23,82.4,90.2,88.2,50.9,31,26.3,53.0,33,363,1.09,0.73,1.82,1.0,1.73,1.32,0.98,2.3,1.24,2.23
15,Newcastle Utd,139,31.8,13.24,4.21,0.13,0.41,81.2,89.3,87.6,50.5,24,28.1,50.3,33,363,1.82,1.39,3.21,1.73,3.12,1.68,1.22,2.9,1.58,2.81
16,Nott'ham Forest,142,35.6,12.09,4.3,0.12,0.35,74.8,87.4,80.2,43.6,23,26.9,39.8,33,363,1.58,1.15,2.73,1.48,2.64,1.2,0.88,2.08,1.13,2.01
17,Southampton,97,31.2,9.42,2.94,0.07,0.24,84.0,91.2,89.9,52.4,35,26.0,49.8,33,363,0.7,0.42,1.12,0.7,1.12,0.9,0.68,1.58,0.84,1.53
18,Tottenham,169,36.4,14.06,5.12,0.12,0.33,83.5,90.2,89.2,54.6,31,25.9,56.9,33,363,1.76,1.36,3.12,1.7,3.06,1.65,1.25,2.9,1.57,2.82
19,West Ham,116,28.0,12.58,3.52,0.07,0.27,80.3,88.7,87.1,52.4,27,28.8,47.7,33,363,1.03,0.64,1.67,0.94,1.58,1.24,0.89,2.13,1.17,2.06
20,Wolves,138,37.8,11.06,4.18,0.13,0.34,80.3,89.7,87.6,49.6,30,27.6,47.3,33,363,1.42,1.09,2.52,1.42,2.52,1.15,0.92,2.07,1.15,2.07
